{
  "goroutines": {
    "simple": {
      "name": "Simple Goroutine",
      "iterations": 5,
      "average": 4.082668800000005,
      "min": 2.4097890000000177,
      "max": 5.527180999999985,
      "stdDev": 1.08626564868753,
      "times": [
        4.563972000000007,
        5.527180999999985,
        2.4097890000000177,
        3.343387000000007,
        4.569015000000007
      ]
    },
    "async": {
      "name": "Async Goroutine",
      "iterations": 5,
      "average": 0.4978766000000007,
      "min": 0.24979999999999336,
      "max": 1.3035519999999963,
      "stdDev": 0.40359729209874334,
      "times": [
        1.3035519999999963,
        0.3071000000000197,
        0.3065899999999999,
        0.32234099999999444,
        0.24979999999999336
      ]
    },
    "goRace": {
      "name": "goRace",
      "iterations": 5,
      "average": 0.08955719999999587,
      "min": 0.02032399999998802,
      "max": 0.34756699999999796,
      "stdDev": 0.12906409038365513,
      "times": [
        0.34756699999999796,
        0.0272589999999866,
        0.03111100000000988,
        0.021524999999996908,
        0.02032399999998802
      ]
    },
    "cpuIntensive": {
      "eventLoop": {
        "name": "CPU-Intensive (Event-Loop)",
        "iterations": 5,
        "average": 12.036760799999996,
        "min": 10.898651999999998,
        "max": 15.926945999999987,
        "stdDev": 1.9499960168770967,
        "times": [
          15.926945999999987,
          11.253410000000002,
          11.178911,
          10.925884999999994,
          10.898651999999998
        ]
      },
      "workerThread": {
        "name": "CPU-Intensive (Worker-Threads)",
        "iterations": 5,
        "average": 0.6811822000000006,
        "min": 0.39238699999998516,
        "max": 1.6528610000000015,
        "stdDev": 0.4881774391130344,
        "times": [
          1.6528610000000015,
          0.41123300000000995,
          0.5289999999999964,
          0.4204300000000103,
          0.39238699999998516
        ]
      }
    },
    "mixedWorkload": {
      "eventLoop": {
        "name": "Mixed Workload (Event-Loop)",
        "iterations": 5,
        "average": 2.2153414,
        "min": 2.1624380000000087,
        "max": 2.351992999999993,
        "stdDev": 0.07081795031939087,
        "times": [
          2.351992999999993,
          2.2164710000000127,
          2.172696999999971,
          2.1731080000000134,
          2.1624380000000087
        ]
      },
      "workerThread": {
        "name": "Mixed Workload (Worker-Threads)",
        "iterations": 5,
        "average": 0.4272151999999892,
        "min": 0.33073799999999665,
        "max": 0.5329570000000103,
        "stdDev": 0.0654684892857651,
        "times": [
          0.5329570000000103,
          0.44776299999995217,
          0.4061919999999759,
          0.41842600000001084,
          0.33073799999999665
        ]
      }
    },
    "goAllScaling": {
      "10": {
        "eventLoop": {
          "name": "goAll 10 tasks (Event-Loop)",
          "iterations": 5,
          "average": 0.025655400000005102,
          "min": 0.00991900000002488,
          "max": 0.08210800000000518,
          "stdDev": 0.028260235417277804,
          "times": [
            0.08210800000000518,
            0.01324499999998352,
            0.012924999999995634,
            0.010080000000016298,
            0.00991900000002488
          ]
        },
        "workerThread": {
          "name": "goAll 10 tasks (Worker-Threads)",
          "iterations": 5,
          "average": 0.8909252000000152,
          "min": 0.6874150000000441,
          "max": 1.4086550000000102,
          "stdDev": 0.26513549223096866,
          "times": [
            1.4086550000000102,
            0.713955999999996,
            0.6874150000000441,
            0.7969360000000165,
            0.8476640000000089
          ]
        }
      },
      "50": {
        "eventLoop": {
          "name": "goAll 50 tasks (Event-Loop)",
          "iterations": 5,
          "average": 0.04887780000000248,
          "min": 0.03491700000000719,
          "max": 0.06562600000000884,
          "stdDev": 0.01141699066129001,
          "times": [
            0.05865299999999252,
            0.06562600000000884,
            0.043563000000006014,
            0.041629999999997835,
            0.03491700000000719
          ]
        },
        "workerThread": {
          "name": "goAll 50 tasks (Worker-Threads)",
          "iterations": 5,
          "average": 3.813665000000003,
          "min": 3.454056000000037,
          "max": 4.119507999999996,
          "stdDev": 0.2362234788144445,
          "times": [
            3.454056000000037,
            4.119507999999996,
            3.9979640000000245,
            3.831052999999997,
            3.665743999999961
          ]
        }
      },
      "100": {
        "eventLoop": {
          "name": "goAll 100 tasks (Event-Loop)",
          "iterations": 5,
          "average": 0.12866599999999834,
          "min": 0.10604399999999714,
          "max": 0.18048799999996845,
          "stdDev": 0.02844095624973794,
          "times": [
            0.18048799999996845,
            0.11079300000000103,
            0.10604399999999714,
            0.10777799999999615,
            0.13822700000002897
          ]
        },
        "workerThread": {
          "name": "goAll 100 tasks (Worker-Threads)",
          "iterations": 5,
          "average": 6.77681980000001,
          "min": 3.971733000000029,
          "max": 9.880851000000007,
          "stdDev": 2.208876367682572,
          "times": [
            6.971834999999999,
            9.880851000000007,
            4.695156999999995,
            3.971733000000029,
            8.36452300000002
          ]
        }
      },
      "200": {
        "eventLoop": {
          "name": "goAll 200 tasks (Event-Loop)",
          "iterations": 5,
          "average": 2.3298720000000004,
          "min": 0.3769760000000133,
          "max": 9.23586899999998,
          "stdDev": 3.455439206238583,
          "times": [
            0.3769760000000133,
            0.6983960000000025,
            9.23586899999998,
            0.7567889999999693,
            0.5813300000000368
          ]
        },
        "workerThread": {
          "name": "goAll 200 tasks (Worker-Threads)",
          "iterations": 5,
          "average": 6.7057423999999966,
          "min": 4.130308999999954,
          "max": 12.440899000000002,
          "stdDev": 3.2566971268955185,
          "times": [
            8.255388000000039,
            12.440899000000002,
            4.43772899999999,
            4.264386999999999,
            4.130308999999954
          ]
        }
      }
    },
    "memoryUsage": {
      "name": "Memory Usage Test",
      "iterations": 5,
      "average": 11.395004200000006,
      "min": 2.806959000000006,
      "max": 39.28880000000004,
      "stdDev": 13.976638410941373,
      "times": [
        39.28880000000004,
        5.433629999999994,
        2.806959000000006,
        4.3107669999999985,
        5.134864999999991
      ],
      "memoryDiff": {
        "heapUsed": 5745384,
        "heapTotal": 6815744,
        "external": -30683
      }
    }
  }
}