{
  "goroutines": {
    "simple": {
      "name": "Simple Goroutine",
      "iterations": 5,
      "average": 2.840594399999998,
      "min": 1.1403290000000084,
      "max": 4.4975399999999865,
      "stdDev": 1.074191559842204,
      "times": [
        2.905057999999997,
        3.0836830000000077,
        4.4975399999999865,
        2.576361999999989,
        1.1403290000000084
      ]
    },
    "async": {
      "name": "Async Goroutine",
      "iterations": 5,
      "average": 0.9863259999999968,
      "min": 0.1657109999999875,
      "max": 4.230905000000007,
      "stdDev": 1.6223038931218825,
      "times": [
        4.230905000000007,
        0.17359600000000341,
        0.18704099999999357,
        0.1657109999999875,
        0.17437699999999268
      ]
    },
    "goRace": {
      "name": "goRace",
      "iterations": 5,
      "average": 0.0707648000000006,
      "min": 0.016009999999994307,
      "max": 0.28285099999999375,
      "stdDev": 0.10605511042358727,
      "times": [
        0.28285099999999375,
        0.02071900000001392,
        0.017351999999988266,
        0.016009999999994307,
        0.016892000000012786
      ]
    },
    "cpuIntensive": {
      "eventLoop": {
        "name": "CPU-Intensive (Event-Loop)",
        "iterations": 5,
        "average": 11.238123200000013,
        "min": 10.821857000000023,
        "max": 12.66855000000001,
        "stdDev": 0.716339593241752,
        "times": [
          12.66855000000001,
          10.821857000000023,
          10.944517000000019,
          10.893811000000028,
          10.861880999999983
        ]
      },
      "workerThread": {
        "name": "CPU-Intensive (Worker-Threads)",
        "iterations": 5,
        "average": 0.2967704000000026,
        "min": 0.06992099999999368,
        "max": 0.9990330000000256,
        "stdDev": 0.3530780413832738,
        "times": [
          0.9990330000000256,
          0.06992099999999368,
          0.18548800000002075,
          0.11666900000000169,
          0.11274099999997134
        ]
      }
    },
    "mixedWorkload": {
      "eventLoop": {
        "name": "Mixed Workload (Event-Loop)",
        "iterations": 5,
        "average": 2.2396603999999796,
        "min": 2.1879829999999743,
        "max": 2.36206999999996,
        "stdDev": 0.06334159390352019,
        "times": [
          2.36206999999996,
          2.221916999999962,
          2.2317049999999767,
          2.1946270000000254,
          2.1879829999999743
        ]
      },
      "workerThread": {
        "name": "Mixed Workload (Worker-Threads)",
        "iterations": 5,
        "average": 0.08255879999999252,
        "min": 0.042099000000007436,
        "max": 0.14332899999999427,
        "stdDev": 0.04652130724904248,
        "times": [
          0.14332899999999427,
          0.13538399999998774,
          0.04961299999996527,
          0.04236900000000787,
          0.042099000000007436
        ]
      }
    },
    "externalDependencies": {
      "eventLoop": {
        "name": "External Dependencies (Event-Loop)",
        "iterations": 5,
        "average": 0.1322019999999952,
        "min": 0.01849499999997306,
        "max": 0.5385009999999966,
        "stdDev": 0.20335704287877623,
        "times": [
          0.5385009999999966,
          0.03303199999999151,
          0.04601600000000872,
          0.02496600000000626,
          0.01849499999997306
        ]
      },
      "workerThread": {
        "name": "External Dependencies (Worker-Threads)",
        "iterations": 5,
        "average": 0.19557679999999208,
        "min": 0.16036099999996623,
        "max": 0.26567899999997735,
        "stdDev": 0.03954831971347603,
        "times": [
          0.26567899999997735,
          0.16180300000002035,
          0.21121599999997898,
          0.17882500000001755,
          0.16036099999996623
        ]
      }
    },
    "advancedExternalDependencies": {
      "eventLoop": {
        "name": "Advanced External Dependencies (Event-Loop)",
        "iterations": 5,
        "average": 0.05985660000002326,
        "min": 0.013586000000032072,
        "max": 0.18046900000001642,
        "stdDev": 0.06160428559637591,
        "times": [
          0.18046900000001642,
          0.048772000000042226,
          0.037270000000035,
          0.0191859999999906,
          0.013586000000032072
        ]
      },
      "workerThread": {
        "name": "Advanced External Dependencies (Worker-Threads)",
        "iterations": 5,
        "average": 0.07399280000000771,
        "min": 0.053310000000010405,
        "max": 0.14720699999998033,
        "stdDev": 0.03666676858081455,
        "times": [
          0.14720699999998033,
          0.05952100000001792,
          0.05448200000000725,
          0.0554440000000227,
          0.053310000000010405
        ]
      }
    },
    "goAllScaling": {
      "10": {
        "eventLoop": {
          "name": "goAll 10 tasks (Event-Loop)",
          "iterations": 5,
          "average": 0.0665728000000172,
          "min": 0.012554000000022825,
          "max": 0.13976200000001882,
          "stdDev": 0.05574644002050423,
          "times": [
            0.13976200000001882,
            0.1289820000000077,
            0.03031700000002502,
            0.02124900000001162,
            0.012554000000022825
          ]
        },
        "workerThread": {
          "name": "goAll 10 tasks (Worker-Threads)",
          "iterations": 5,
          "average": 0.08595940000001293,
          "min": 0.05076600000001008,
          "max": 0.16220399999997426,
          "stdDev": 0.04172647857462401,
          "times": [
            0.16220399999997426,
            0.09871600000002445,
            0.06370900000001711,
            0.05076600000001008,
            0.0544020000000387
          ]
        }
      },
      "50": {
        "eventLoop": {
          "name": "goAll 50 tasks (Event-Loop)",
          "iterations": 5,
          "average": 0.10694880000002058,
          "min": 0.09601100000003271,
          "max": 0.1118099999999913,
          "stdDev": 0.0057264365673564,
          "times": [
            0.09601100000003271,
            0.11016600000004928,
            0.11014700000004041,
            0.1118099999999913,
            0.10660999999998921
          ]
        },
        "workerThread": {
          "name": "goAll 50 tasks (Worker-Threads)",
          "iterations": 5,
          "average": 0.8792412000000013,
          "min": 0.13339999999999463,
          "max": 3.7152790000000095,
          "stdDev": 1.4185537060788962,
          "times": [
            3.7152790000000095,
            0.17176200000000108,
            0.13339999999999463,
            0.13495299999999588,
            0.24081200000000536
          ]
        }
      },
      "100": {
        "eventLoop": {
          "name": "goAll 100 tasks (Event-Loop)",
          "iterations": 5,
          "average": 0.1352940000000217,
          "min": 0.1118300000000545,
          "max": 0.18725200000000086,
          "stdDev": 0.028123966576560095,
          "times": [
            0.18725200000000086,
            0.11531600000000708,
            0.11943400000001247,
            0.14263800000003357,
            0.1118300000000545
          ]
        },
        "workerThread": {
          "name": "goAll 100 tasks (Worker-Threads)",
          "iterations": 5,
          "average": 1.5987199999999917,
          "min": 0.5354039999999713,
          "max": 3.760242000000005,
          "stdDev": 1.1148113785775684,
          "times": [
            0.5354039999999713,
            3.760242000000005,
            1.277875999999992,
            1.1547350000000165,
            1.265342999999973
          ]
        }
      },
      "200": {
        "eventLoop": {
          "name": "goAll 200 tasks (Event-Loop)",
          "iterations": 5,
          "average": 0.3096208000000047,
          "min": 0.21894100000002936,
          "max": 0.4886060000000043,
          "stdDev": 0.1061216524134488,