{
  "goroutines": {
    "simple": {
      "name": "Simple Goroutine",
      "iterations": 5,
      "average": 6.714877200000001,
      "min": 2.1513850000000048,
      "max": 12.16253900000001,
      "stdDev": 3.487148505257813,
      "times": [
        5.870778000000001,
        12.16253900000001,
        2.1513850000000048,
        8.88404700000001,
        4.505636999999979
      ]
    },
    "async": {
      "name": "Async Goroutine",
      "iterations": 5,
      "average": 0.3102476000000024,
      "min": 0.1605589999999779,
      "max": 0.8609130000000107,
      "stdDev": 0.2754150833644418,
      "times": [
        0.8609130000000107,
        0.18123700000001008,
        0.17519699999999716,
        0.17333200000001625,
        0.1605589999999779
      ]
    },
    "goRace": {
      "name": "goRace",
      "iterations": 5,
      "average": 0.08983160000001363,
      "min": 0.019747000000023718,
      "max": 0.33968300000000795,
      "stdDev": 0.12513415282423623,
      "times": [
        0.33968300000000795,
        0.040957000000020116,
        0.02460600000000568,
        0.02416500000001065,
        0.019747000000023718
      ]
    },
    "cpuIntensive": {
      "eventLoop": {
        "name": "CPU-Intensive (Event-Loop)",
        "iterations": 5,
        "average": 14.664920599999993,
        "min": 14.149066000000005,
        "max": 15.151816999999994,
        "stdDev": 0.3890931079927201,
        "times": [
          14.987747999999982,
          14.748632999999984,
          14.149066000000005,
          14.287339000000003,
          15.151816999999994
        ]
      },
      "workerThread": {
        "name": "CPU-Intensive (Worker-Threads)",
        "iterations": 5,
        "average": 0.442697800000002,
        "min": 0.2280969999999911,
        "max": 1.0787180000000092,
        "stdDev": 0.3274151251017012,
        "times": [
          1.0787180000000092,
          0.24435499999998456,
          0.4341320000000053,
          0.22818700000001968,
          0.2280969999999911
        ]
      }
    },
    "mixedWorkload": {
      "eventLoop": {
        "name": "Mixed Workload (Event-Loop)",
        "iterations": 5,
        "average": 2.9236635999999976,
        "min": 2.287930000000017,
        "max": 5.375085999999982,
        "stdDev": 1.225775569194712,
        "times": [
          5.375085999999982,
          2.3169249999999977,
          2.312566000000004,
          2.287930000000017,
          2.3258109999999874
        ]
      }
    },
    "memoryUsage": {
      "name": "Memory Usage Test",
      "iterations": 5,
      "average": 10.9207766,
      "min": 5.856054999999969,
      "max": 20.038397999999972,
      "stdDev": 5.270498694870619,
      "times": [
        20.038397999999972,
        7.022768000000042,
        13.57297299999999,
        5.856054999999969,
        8.113689000000022
      ],
      "memoryDiff": {
        "heapUsed": 15569160,
        "heapTotal": 20185088,
        "external": -22679
      }
    }
  }
}