{
  "goroutines": {
    "simple": {
      "name": "Simple Goroutine",
      "iterations": 5,
      "average": 2.689730599999996,
      "min": 1.2837360000000047,
      "max": 3.9613200000000006,
      "stdDev": 0.9332515576886251,
      "times": [
        3.2097770000000025,
        3.9613200000000006,
        2.0407169999999724,
        2.9531029999999987,
        1.2837360000000047
      ]
    },
    "async": {
      "name": "Async Goroutine",
      "iterations": 5,
      "average": 0.37566459999999324,
      "min": 0.17078899999998498,
      "max": 0.9294620000000009,
      "stdDev": 0.28284708530978714,
      "times": [
        0.9294620000000009,
        0.17682700000000295,
        0.17078899999998498,
        0.28407299999997804,
        0.31717199999999934
      ]
    },
    "goRace": {
      "name": "goRace",
      "iterations": 5,
      "average": 0.08034680000000094,
      "min": 0.020839999999992642,
      "max": 0.2690110000000061,
      "stdDev": 0.09497796152245386,
      "times": [
        0.2690110000000061,
        0.03473999999999933,
        0.052687000000020134,
        0.02445599999998649,
        0.020839999999992642
      ]
    },
    "cpuIntensive": {
      "eventLoop": {
        "name": "CPU-Intensive (Event-Loop)",
        "iterations": 5,
        "average": 15.084655399999997,
        "min": 14.362552999999991,
        "max": 16.651657,
        "stdDev": 0.8509705011793526,
        "times": [
          14.362552999999991,
          16.651657,
          14.411943000000008,
          14.701525000000004,
          15.295598999999982
        ]
      },
      "workerThread": {
        "name": "CPU-Intensive (Worker-Threads)",
        "iterations": 5,
        "average": 0.4084877999999946,
        "min": 0.17129899999997633,
        "max": 1.019441999999998,
        "stdDev": 0.314661663597843,
        "times": [
          1.019441999999998,
          0.23810599999998772,
          0.3957450000000051,
          0.21784700000000612,
          0.17129899999997633
        ]
      }
    },
    "mixedWorkload": {
      "eventLoop": {
        "name": "Mixed Workload (Event-Loop)",
        "iterations": 5,
        "average": 2.942503999999997,
        "min": 2.1657579999999825,
        "max": 4.589313000000004,
        "stdDev": 0.9908351531912977,
        "times": [
          4.589313000000004,
          3.5980410000000234,
          2.1657579999999825,
          2.1790579999999977,
          2.180349999999976
        ]
      }
    },
    "memoryUsage": {
      "name": "Memory Usage Test",
      "iterations": 5,
      "average": 10.043927199999995,
      "min": 4.730749000000003,
      "max": 19.49014699999998,
      "stdDev": 5.80735462771834,
      "times": [
        19.49014699999998,
        6.351794999999981,
        14.149952999999982,
        4.730749000000003,
        5.496992000000034
      ],
      "memoryDiff": {
        "heapUsed": 10413368,
        "heapTotal": 20447232,
        "external": -22679
      }
    }
  }
}