{
  "goroutines": {
    "simple": {
      "name": "Simple Goroutine",
      "iterations": 5,
      "average": 8.6819022,
      "min": 5.479011999999997,
      "max": 11.151700000000005,
      "stdDev": 2.010464128199896,
      "times": [
        5.479011999999997,
        9.925904000000003,
        7.384005999999999,
        11.151700000000005,
        9.46888899999999
      ]
    },
    "async": {
      "name": "Async Goroutine",
      "iterations": 5,
      "average": 0.5443016000000057,
      "min": 0.32920500000000175,
      "max": 1.2704350000000204,
      "stdDev": 0.363855748653014,
      "times": [
        1.2704350000000204,
        0.3886669999999981,
        0.38941800000000626,
        0.34378300000000195,
        0.32920500000000175
      ]
    },
    "goRace": {
      "name": "goRace",
      "iterations": 5,
      "average": 0.12324840000000563,
      "min": 0.029584999999997308,
      "max": 0.4731140000000096,
      "stdDev": 0.17501003865218887,
      "times": [
        0.4731140000000096,
        0.04532499999999118,
        0.03391400000000999,
        0.029584999999997308,
        0.034304000000020096
      ]
    },
    "cpuIntensive": {
      "eventLoop": {
        "name": "CPU-Intensive (Event-Loop)",
        "iterations": 5,
        "average": 12.175091599999996,
        "min": 10.863110000000006,
        "max": 17.370756999999998,
        "stdDev": 2.5978444759771597,
        "times": [
          17.370756999999998,
          10.88771699999998,
          10.877588000000003,
          10.876285999999993,
          10.863110000000006
        ]
      },
      "workerThread": {
        "name": "CPU-Intensive (Worker-Threads)",
        "iterations": 5,
        "average": 0.30721639999999295,
        "min": 0.06129500000000121,
        "max": 1.0427999999999997,
        "stdDev": 0.36960383882238307,
        "times": [
          1.0427999999999997,
          0.06129500000000121,
          0.16817399999999338,
          0.11354199999999537,
          0.15027099999997517
        ]
      }
    },
    "mixedWorkload": {
      "eventLoop": {
        "name": "Mixed Workload (Event-Loop)",
        "iterations": 5,
        "average": 2.2423844000000086,
        "min": 2.178413000000006,
        "max": 2.37634300000002,
        "stdDev": 0.07054507082880286,
        "times": [
          2.37634300000002,
          2.241160000000008,
          2.223497000000009,
          2.192509000000001,
          2.178413000000006
        ]
      },
      "workerThread": {
        "name": "Mixed Workload (Worker-Threads)",
        "iterations": 5,
        "average": 0.05508919999999762,
        "min": 0.03240099999999302,
        "max": 0.1306549999999902,
        "stdDev": 0.038006939489515036,
        "times": [
          0.1306549999999902,
          0.04393199999998387,
          0.03543600000000424,
          0.03302200000001676,
          0.03240099999999302
        ]
      }
    },
    "externalDependencies": {
      "eventLoop": {
        "name": "External Dependencies (Event-Loop)",
        "iterations": 5,
        "average": 0.13138959999999428,
        "min": 0.011031000000002678,
        "max": 0.5591550000000041,
        "stdDev": 0.21407877779509532,
        "times": [
          0.5591550000000041,
          0.025437000000010812,
          0.03964399999995294,
          0.02168100000000095,
          0.011031000000002678
        ]
      },
      "workerThread": {
        "name": "External Dependencies (Worker-Threads)",
        "iterations": 5,
        "average": 0.16976140000000442,
        "min": 0.130704000000037,
        "max": 0.2550170000000094,
        "stdDev": 0.04529983274848052,
        "times": [
          0.2550170000000094,
          0.130704000000037,
          0.17666000000002668,
          0.14107400000000325,
          0.14535199999994575
        ]
      }
    },
    "advancedExternalDependencies": {
      "eventLoop": {
        "name": "Advanced External Dependencies (Event-Loop)",
        "iterations": 5,
        "average": 0.05443379999999252,
        "min": 0.00820600000002969,
        "max": 0.19173899999998412,
        "stdDev": 0.06915314724695698,
        "times": [
          0.19173899999998412,
          0.030466999999987365,
          0.02776099999999815,
          0.01399599999996326,
          0.00820600000002969
        ]
      },
      "workerThread": {
        "name": "Advanced External Dependencies (Worker-Threads)",
        "iterations": 5,
        "average": 0.06169340000000147,
        "min": 0.039344000000028245,
        "max": 0.1421860000000379,
        "stdDev": 0.040342728116000114,
        "times": [
          0.1421860000000379,
          0.04693800000001147,
          0.039344000000028245,
          0.04027499999995143,
          0.03972399999997833
        ]
      }
    },
    "goAllScaling": {
      "10": {
        "eventLoop": {
          "name": "goAll 10 tasks (Event-Loop)",
          "iterations": 5,
          "average": 0.02914859999999635,
          "min": 0.016521000000011554,
          "max": 0.07149399999997286,
          "stdDev": 0.02120188537464284,
          "times": [
            0.07149399999997286,
            0.01903599999997141,
            0.019877000000008138,
            0.01881500000001779,
            0.016521000000011554
          ]
        },
        "workerThread": {
          "name": "goAll 10 tasks (Worker-Threads)",
          "iterations": 5,
          "average": 0.06970660000000635,
          "min": 0.049993999999969674,
          "max": 0.13466199999999162,
          "stdDev": 0.032688843807017726,
          "times": [
            0.13466199999999162,
            0.06028300000002673,
            0.049993999999969674,
            0.050264000000026954,
            0.05333000000001675
          ]
        }
      },
      "50": {
        "eventLoop": {
          "name": "goAll 50 tasks (Event-Loop)",
          "iterations": 5,
          "average": 0.07678559999999379,
          "min": 0.05721699999998009,
          "max": 0.10507599999999684,
          "stdDev": 0.0166247499421884,
          "times": [
            0.10507599999999684,
            0.06410999999997102,
            0.07488000000000739,
            0.08264500000001362,
            0.05721699999998009
          ]
        },
        "workerThread": {
          "name": "goAll 50 tasks (Worker-Threads)",
          "iterations": 5,
          "average": 0.26979840000000194,
          "min": 0.247682999999995,
          "max": 0.34095800000000054,
          "stdDev": 0.03605202597691384,
          "times": [
            0.34095800000000054,
            0.24874499999998534,
            0.24835400000000618,
            0.247682999999995,
            0.2632520000000227
          ]
        }
      },
      "100": {
        "eventLoop": {
          "name": "goAll 100 tasks (Event-Loop)",
          "iterations": 5,
          "average": 0.13867119999999886,
          "min": 0.05297899999999345,
          "max": 0.21130499999998165,
          "stdDev": 0.07041261654673876,
          "times": [
            0.21130499999998165,
            0.05420100000003458,
            0.05297899999999345,
            0.19926199999997607,
            0.17560900000000856
          ]
        },
        "workerThread": {
          "name": "goAll 100 tasks (Worker-Threads)",
          "iterations": 5,
          "average": 0.5200137999999924,
          "min": 0.4927099999999882,
          "max": 0.5719189999999799,
          "stdDev": 0.02885232951010573,
          "times": [
            0.5267039999999952,
            0.5140710000000013,
            0.5719189999999799,
            0.4946649999999977,
            0.4927099999999882
          ]
        }
      },
      "200": {
        "eventLoop": {
          "name": "goAll 200 tasks (Event-Loop)",
          "iterations": 5,
          "average": 0.20427419999999757,
          "min": 0.18279200000000628,
          "max": 0.24794400000001815,
          "stdDev": 0.022976615568016206,