{
  "goroutines": {
    "simple": {
      "name": "Simple Goroutine",
      "iterations": 5,
      "average": 3.268776800000006,
      "min": 2.462912000000017,
      "max": 3.828501000000017,
      "stdDev": 0.4582614459355703,
      "times": [
        3.139413999999988,
        3.4625440000000083,
        2.462912000000017,
        3.828501000000017,
        3.450513000000001
      ]
    },
    "async": {
      "name": "Async Goroutine",
      "iterations": 5,
      "average": 0.46533960000000435,
      "min": 0.26186400000000276,
      "max": 1.1150060000000224,
      "stdDev": 0.32599814570675967,
      "times": [
        1.1150060000000224,
        0.29155099999999834,
        0.3118000000000052,
        0.34647699999999304,
        0.26186400000000276
      ]
    },
    "goRace": {
      "name": "goRace",
      "iterations": 5,
      "average": 0.0867650000000026,
      "min": 0.02752399999999966,
      "max": 0.31672900000000936,
      "stdDev": 0.11500224004949117,
      "times": [
        0.31672900000000936,
        0.03337400000000912,
        0.028664999999989504,
        0.02752399999999966,
        0.02753300000000536
      ]
    },
    "cpuIntensive": {
      "eventLoop": {
        "name": "CPU-Intensive (Event-Loop)",
        "iterations": 5,
        "average": 11.1124622,
        "min": 10.780725000000018,
        "max": 12.346229999999991,
        "stdDev": 0.6172693638580771,
        "times": [
          12.346229999999991,
          10.837875999999994,
          10.780935999999997,
          10.780725000000018,
          10.816543999999993
        ]
      },
      "workerThread": {
        "name": "CPU-Intensive (Worker-Threads)",
        "iterations": 5,
        "average": 0.2514181999999948,
        "min": 0.05318299999998999,
        "max": 0.8879000000000019,
        "stdDev": 0.31973670602757304,
        "times": [
          0.8879000000000019,
          0.05318299999998999,
          0.13900699999999233,
          0.06579699999997501,
          0.11120400000001496
        ]
      }
    },
    "mixedWorkload": {
      "eventLoop": {
        "name": "Mixed Workload (Event-Loop)",
        "iterations": 5,
        "average": 2.214583799999997,
        "min": 2.1787949999999796,
        "max": 2.2837470000000053,
        "stdDev": 0.03621195998231129,
        "times": [
          2.2837470000000053,
          2.2081210000000056,
          2.207771000000008,
          2.194484999999986,
          2.1787949999999796
        ]
      },
      "workerThread": {
        "name": "Mixed Workload (Worker-Threads)",
        "iterations": 5,
        "average": 0.05467120000001842,
        "min": 0.025058999999998832,
        "max": 0.150429000000031,
        "stdDev": 0.048297484905123055,
        "times": [
          0.150429000000031,
          0.04266300000000456,
          0.02949600000005148,
          0.0257090000000062,
          0.025058999999998832
        ]
      }
    },
    "externalDependencies": {
      "eventLoop": {
        "name": "External Dependencies (Event-Loop)",
        "iterations": 5,
        "average": 0.15888799999999037,
        "min": 0.026561000000015156,
        "max": 0.5652079999999842,
        "stdDev": 0.20500241910279574,
        "times": [
          0.5652079999999842,
          0.026561000000015156,
          0.10836899999998195,
          0.047891999999990276,
          0.0464099999999803
        ]
      },
      "workerThread": {
        "name": "External Dependencies (Worker-Threads)",
        "iterations": 5,
        "average": 0.18693360000000894,
        "min": 0.15894600000001446,
        "max": 0.29164099999997006,
        "stdDev": 0.05236384790519104,
        "times": [
          0.29164099999997006,
          0.1611300000000142,
          0.15894600000001446,
          0.16213200000004235,
          0.1608190000000036
        ]
      }
    },
    "advancedExternalDependencies": {
      "eventLoop": {
        "name": "Advanced External Dependencies (Event-Loop)",
        "iterations": 5,
        "average": 0.07590179999999691,
        "min": 0.01600100000001703,
        "max": 0.20128699999997934,
        "stdDev": 0.0658826385367105,
        "times": [
          0.20128699999997934,
          0.038142999999990934,
          0.04496599999998807,
          0.07911200000000917,
          0.01600100000001703
        ]
      },
      "workerThread": {
        "name": "Advanced External Dependencies (Worker-Threads)",
        "iterations": 5,
        "average": 0.07799220000000559,
        "min": 0.04916400000001886,
        "max": 0.17596900000000915,
        "stdDev": 0.049121558197599446,
        "times": [
          0.17596900000000915,
          0.06006600000000617,
          0.053052999999977146,
          0.05170900000001666,
          0.04916400000001886
        ]
      }
    },
    "goAllScaling": {
      "10": {
        "eventLoop": {
          "name": "goAll 10 tasks (Event-Loop)",
          "iterations": 5,
          "average": 0.03463880000001609,
          "min": 0.012695000000007894,
          "max": 0.08923200000003817,
          "stdDev": 0.028254065756284766,
          "times": [
            0.08923200000003817,
            0.03248200000001589,
            0.02486799999996947,
            0.013917000000049029,
            0.012695000000007894
          ]
        },
        "workerThread": {
          "name": "goAll 10 tasks (Worker-Threads)",
          "iterations": 5,
          "average": 0.07335319999998546,
          "min": 0.04488599999996268,
          "max": 0.15427699999997913,
          "stdDev": 0.04150472782418917,
          "times": [
            0.15427699999997913,
            0.07073600000001079,
            0.04679999999996198,
            0.05006700000001274,
            0.04488599999996268
          ]
        }
      },
      "50": {
        "eventLoop": {
          "name": "goAll 50 tasks (Event-Loop)",
          "iterations": 5,
          "average": 0.0983475999999996,
          "min": 0.09337999999996782,
          "max": 0.10928000000001248,
          "stdDev": 0.00574394378803682,
          "times": [
            0.10928000000001248,
            0.09833000000003267,
            0.09413200000000188,
            0.09337999999996782,
            0.09661599999998316
          ]
        },
        "workerThread": {
          "name": "goAll 50 tasks (Worker-Threads)",
          "iterations": 5,
          "average": 0.970556600000009,
          "min": 0.3493620000000419,
          "max": 3.4269479999999817,
          "stdDev": 1.2282143846686564,
          "times": [
            0.368850000000009,
            0.35621600000001763,
            0.3514069999999947,
            0.3493620000000419,
            3.4269479999999817
          ]
        }
      },
      "100": {
        "eventLoop": {
          "name": "goAll 100 tasks (Event-Loop)",
          "iterations": 5,
          "average": 1.4306286000000115,
          "min": 0.0866359999999986,
          "max": 6.5555630000000065,
          "stdDev": 2.5639909533020258,
          "times": [
            0.3203870000000393,
            6.5555630000000065,
            0.09868000000000166,
            0.0866359999999986,
            0.09187700000001087
          ]
        },
        "workerThread": {
          "name": "goAll 100 tasks (Worker-Threads)",
          "iterations": 5,
          "average": 0.3009051999999883,
          "min": 0.24174499999998034,
          "max": 0.48965300000003253,
          "stdDev": 0.0956326026194244,
          "times": [
            0.48965300000003253,
            0.24440999999995938,
            0.2835860000000139,
            0.24174499999998034,
            0.2451319999999555
          ]
        }
      },
      "200": {
        "eventLoop": {
          "name": "goAll 200 tasks (Event-Loop)",
          "iterations": 5,
          "average": 0.24451479999999037,
          "min": 0.18277199999999993,
          "max": 0.3653730000000337,
          "stdDev": 0.06339303161517341,