{
  "goroutines": {
    "simple": {
      "name": "Simple Goroutine",
      "iterations": 5,
      "average": 5.763500200000001,
      "min": 1.2657130000000052,
      "max": 11.214174999999997,
      "stdDev": 3.6734681983445223,
      "times": [
        7.637316999999996,
        11.214174999999997,
        2.111221999999998,
        6.589074000000011,
        1.2657130000000052
      ]
    },
    "async": {
      "name": "Async Goroutine",
      "iterations": 5,
      "average": 0.31545280000000275,
      "min": 0.17362399999998956,
      "max": 0.8296590000000208,
      "stdDev": 0.2573250148364218,
      "times": [
        0.8296590000000208,
        0.20341999999999416,
        0.17765199999999481,
        0.17362399999998956,
        0.19290900000001443
      ]
    },
    "goRace": {
      "name": "goRace",
      "iterations": 5,
      "average": 0.09375320000000897,
      "min": 0.019557000000020253,
      "max": 0.31937600000000543,
      "stdDev": 0.11461912915285855,
      "times": [
        0.31937600000000543,
        0.07608200000001375,
        0.023754999999994197,
        0.029996000000011236,
        0.019557000000020253
      ]
    },
    "cpuIntensive": {
      "eventLoop": {
        "name": "CPU-Intensive (Event-Loop)",
        "iterations": 5,
        "average": 14.650379199999998,
        "min": 13.886172999999985,
        "max": 15.225763,
        "stdDev": 0.5023653157535509,
        "times": [
          14.251204000000001,
          15.029717000000005,
          13.886172999999985,
          14.859038999999996,
          15.225763
        ]
      },
      "workerThread": {
        "name": "CPU-Intensive (Worker-Threads)",
        "iterations": 5,
        "average": 0.38554980000000116,
        "min": 0.18566699999999514,
        "max": 0.9100080000000048,
        "stdDev": 0.27174387591215593,
        "times": [
          0.9100080000000048,
          0.24059900000000312,
          0.3881250000000023,
          0.20335000000000036,
          0.18566699999999514
        ]
      }
    },
    "mixedWorkload": {
      "eventLoop": {
        "name": "Mixed Workload (Event-Loop)",
        "iterations": 5,
        "average": 3.150849800000003,
        "min": 2.1808010000000024,
        "max": 4.405394000000001,
        "stdDev": 0.9140897731799412,
        "times": [
          4.002532000000002,
          4.405394000000001,
          2.9649339999999995,
          2.2005880000000104,
          2.1808010000000024
        ]
      }
    },
    "memoryUsage": {
      "name": "Memory Usage Test",
      "iterations": 5,
      "average": 9.5713618,
      "min": 4.291962000000012,
      "max": 19.457874000000004,
      "stdDev": 5.731394175730594,
      "times": [
        19.457874000000004,
        6.2106939999999895,
        12.592196999999999,
        4.291962000000012,
        5.304081999999994
      ],
      "memoryDiff": {
        "heapUsed": 10371552,
        "heapTotal": 20185088,
        "external": -20886
      }
    }
  }
}