{
  "goroutines": {
    "simple": {
      "name": "Simple Goroutine",
      "iterations": 5,
      "average": 7.363203800000003,
      "min": 1.9804570000000012,
      "max": 16.846429999999998,
      "stdDev": 5.347178354454296,
      "times": [
        7.036031000000008,
        16.846429999999998,
        2.5756820000000005,
        8.377419000000003,
        1.9804570000000012
      ]
    },
    "async": {
      "name": "Async Goroutine",
      "iterations": 5,
      "average": 0.29378099999999563,
      "min": 0.15652400000001876,
      "max": 0.7958029999999781,
      "stdDev": 0.2511038535833241,
      "times": [
        0.7958029999999781,
        0.17789999999999395,
        0.169589000000002,
        0.1690889999999854,
        0.15652400000001876
      ]
    },
    "goRace": {
      "name": "goRace",
      "iterations": 5,
      "average": 0.07877540000000068,
      "min": 0.019913999999999987,
      "max": 0.27129600000000664,
      "stdDev": 0.09695689569205694,
      "times": [
        0.27129600000000664,
        0.052644999999984066,
        0.027284000000008746,
        0.022738000000003922,
        0.019913999999999987
      ]
    },
    "cpuIntensive": {
      "eventLoop": {
        "name": "CPU-Intensive (Event-Loop)",
        "iterations": 5,
        "average": 14.665107599999994,
        "min": 12.331527999999992,
        "max": 16.520194000000004,
        "stdDev": 1.4839740374028987,
        "times": [
          12.331527999999992,
          16.520194000000004,
          15.643731000000002,
          13.693520999999976,
          15.136563999999993
        ]
      },
      "workerThread": {
        "name": "CPU-Intensive (Worker-Threads)",
        "iterations": 5,
        "average": 0.3926271999999926,
        "min": 0.1869609999999966,
        "max": 0.9709900000000005,
        "stdDev": 0.29468015017466415,
        "times": [
          0.9709900000000005,
          0.260801999999984,
          0.34632799999999975,
          0.19805499999998233,
          0.1869609999999966
        ]
      }
    },
    "mixedWorkload": {
      "eventLoop": {
        "name": "Mixed Workload (Event-Loop)",
        "iterations": 5,
        "average": 3.170132000000007,
        "min": 2.1576160000000186,
        "max": 5.285043999999999,
        "stdDev": 1.2628068749486534,
        "times": [
          3.9774639999999977,
          5.285043999999999,
          2.210312000000016,
          2.2202240000000018,
          2.1576160000000186
        ]
      }
    },
    "memoryUsage": {
      "name": "Memory Usage Test",
      "iterations": 5,
      "average": 9.903243400000003,
      "min": 5.504301999999996,
      "max": 19.58196799999999,
      "stdDev": 5.446394179562537,
      "times": [
        19.58196799999999,
        6.542423999999983,
        12.27177400000005,
        5.615748999999994,
        5.504301999999996
      ],
      "memoryDiff": {
        "heapUsed": 15562888,
        "heapTotal": 20185088,
        "external": -22679
      }
    }
  }
}