{
  "goroutines": {
    "simple": {
      "name": "Simple Goroutine",
      "iterations": 5,
      "average": 3.6430315999999947,
      "min": 2.731734000000017,
      "max": 4.066760999999985,
      "stdDev": 0.4841747304598118,
      "times": [
        3.6713849999999866,
        4.066760999999985,
        2.731734000000017,
        3.70549699999998,
        4.039781000000005
      ]
    },
    "async": {
      "name": "Async Goroutine",
      "iterations": 5,
      "average": 0.5003115999999863,
      "min": 0.29453300000000127,
      "max": 1.1392819999999801,
      "stdDev": 0.3208579962192588,
      "times": [
        1.1392819999999801,
        0.3246679999999742,
        0.3787849999999935,
        0.3642899999999827,
        0.29453300000000127
      ]
    },
    "goRace": {
      "name": "goRace",
      "iterations": 5,
      "average": 0.10660720000000765,
      "min": 0.02939400000002479,
      "max": 0.4094210000000089,
      "stdDev": 0.15141394439667757,
      "times": [
        0.4094210000000089,
        0.033660999999995056,
        0.02939400000002479,
        0.030334999999979573,
        0.030225000000029922
      ]
    },
    "cpuIntensive": {
      "eventLoop": {
        "name": "CPU-Intensive (Event-Loop)",
        "iterations": 5,
        "average": 11.337607200000013,
        "min": 10.916444000000013,
        "max": 12.764043000000015,
        "stdDev": 0.7167985874258972,
        "times": [
          12.764043000000015,
          11.117201000000023,
          10.916444000000013,
          10.957763999999997,
          10.93258400000002
        ]
      },
      "workerThread": {
        "name": "CPU-Intensive (Worker-Threads)",
        "iterations": 5,
        "average": 0.3975265999999806,
        "min": 0.09921599999995578,
        "max": 1.4518979999999715,
        "stdDev": 0.5283626250981752,
        "times": [
          1.4518979999999715,
          0.09921599999995578,
          0.20061599999996815,
          0.11301200000002609,
          0.12289099999998143
        ]
      }
    },
    "mixedWorkload": {
      "eventLoop": {
        "name": "Mixed Workload (Event-Loop)",
        "iterations": 5,
        "average": 2.252418399999988,
        "min": 2.1951609999999846,
        "max": 2.396458999999993,
        "stdDev": 0.0728838681783585,
        "times": [
          2.396458999999993,
          2.219737000000009,
          2.22422499999999,
          2.1951609999999846,
          2.226509999999962
        ]
      },
      "workerThread": {
        "name": "Mixed Workload (Worker-Threads)",
        "iterations": 5,
        "average": 0.1160757999999987,
        "min": 0.06075399999997444,
        "max": 0.20769999999998845,
        "stdDev": 0.06652102476780397,
        "times": [
          0.20769999999998845,
          0.18655999999998585,
          0.06075399999997444,
          0.06256700000000137,
          0.06279800000004343
        ]
      }
    },
    "externalDependencies": {
      "eventLoop": {
        "name": "External Dependencies (Event-Loop)",
        "iterations": 5,
        "average": 0.2104270000000156,
        "min": 0.03912300000001778,
        "max": 0.8493040000000178,
        "stdDev": 0.31951990408298614,
        "times": [
          0.8493040000000178,
          0.04744900000002872,
          0.056535999999994146,
          0.05972300000001951,
          0.03912300000001778
        ]
      },
      "workerThread": {
        "name": "External Dependencies (Worker-Threads)",
        "iterations": 5,
        "average": 0.40364619999998014,
        "min": 0.33159299999999803,
        "max": 0.49188399999997046,
        "stdDev": 0.06013026941698606,
        "times": [
          0.45484399999998004,
          0.33159299999999803,
          0.49188399999997046,
          0.38018399999998564,
          0.35972599999996646
        ]
      }
    },
    "advancedExternalDependencies": {
      "eventLoop": {
        "name": "Advanced External Dependencies (Event-Loop)",
        "iterations": 5,
        "average": 0.09155580000001465,
        "min": 0.032270000000039545,
        "max": 0.2843440000000328,
        "stdDev": 0.09672730107762585,
        "times": [
          0.2843440000000328,
          0.056476000000031945,
          0.04585599999995793,
          0.038833000000011,
          0.032270000000039545
        ]
      },
      "workerThread": {
        "name": "Advanced External Dependencies (Worker-Threads)",
        "iterations": 5,
        "average": 0.13455260000001773,
        "min": 0.10990599999996675,
        "max": 0.18930500000004713,
        "stdDev": 0.028492201926861013,
        "times": [
          0.18930500000004713,
          0.10990599999996675,
          0.1317070000000058,
          0.11483600000002525,
          0.12700900000004367
        ]
      }
    },
    "goAllScaling": {
      "10": {
        "eventLoop": {
          "name": "goAll 10 tasks (Event-Loop)",
          "iterations": 5,
          "average": 0.05780059999999594,
          "min": 0.023204000000021097,
          "max": 0.15505100000001448,
          "stdDev": 0.04929207323942543,
          "times": [
            0.15505100000001448,
            0.02858299999996916,
            0.03470599999997148,
            0.04745900000000347,
            0.023204000000021097
          ]
        },
        "workerThread": {
          "name": "goAll 10 tasks (Worker-Threads)",
          "iterations": 5,
          "average": 0.12236159999999927,
          "min": 0.09649200000001201,
          "max": 0.20811000000003332,
          "stdDev": 0.042937142162018736,
          "times": [
            0.20811000000003332,
            0.10294299999998202,
            0.10170099999999138,
            0.10256199999997762,
            0.09649200000001201
          ]
        }
      },
      "50": {
        "eventLoop": {
          "name": "goAll 50 tasks (Event-Loop)",
          "iterations": 5,
          "average": 0.10732920000001514,
          "min": 0.10385400000001255,
          "max": 0.11622800000003508,
          "stdDev": 0.0045907904069004265,
          "times": [
            0.10608899999999721,
            0.10385500000001002,
            0.10662000000002081,
            0.11622800000003508,
            0.10385400000001255
          ]
        },
        "workerThread": {
          "name": "goAll 50 tasks (Worker-Threads)",
          "iterations": 5,
          "average": 1.1270498000000089,
          "min": 0.20094700000004195,
          "max": 3.9965029999999615,
          "stdDev": 1.4387929277370284,
          "times": [
            0.4646820000000389,
            0.4845500000000129,
            0.4885669999999891,
            3.9965029999999615,
            0.20094700000004195
          ]
        }
      },
      "100": {
        "eventLoop": {
          "name": "goAll 100 tasks (Event-Loop)",
          "iterations": 5,
          "average": 0.12414539999998624,
          "min": 0.10255300000000034,
          "max": 0.150983999999994,
          "stdDev": 0.020096051578354625,
          "times": [
            0.1113889999999742,
            0.10255300000000034,
            0.14581399999997302,
            0.150983999999994,
            0.10998699999998962
          ]
        },
        "workerThread": {
          "name": "goAll 100 tasks (Worker-Threads)",
          "iterations": 5,
          "average": 1.6341539999999894,
          "min": 0.48593199999999115,
          "max": 6.03904799999998,
          "stdDev": 2.2030956955748375,
          "times": [
            0.6353229999999712,
            0.48593199999999115,
            0.5107989999999631,
            0.4996680000000424,
            6.03904799999998
          ]
        }
      },
      "200": {
        "eventLoop": {
          "name": "goAll 200 tasks (Event-Loop)",
          "iterations": 5,
          "average": 0.22077279999997473,
          "min": 0.1497609999999554,
          "max": 0.2708989999999858,
          "stdDev": 0.04087601952931396,