{
  "goroutines": {
    "simple": {
      "name": "Simple Goroutine",
      "iterations": 5,
      "average": 3.6451006000000006,
      "min": 1.1833500000000186,
      "max": 5.434168999999997,
      "stdDev": 1.476807176311053,
      "times": [
        5.434168999999997,
        4.461518000000012,
        1.1833500000000186,
        2.8779099999999858,
        4.26855599999999
      ]
    },
    "async": {
      "name": "Async Goroutine",
      "iterations": 5,
      "average": 0.40081060000000546,
      "min": 0.1551499999999919,
      "max": 0.9310440000000142,
      "stdDev": 0.28047640344357666,
      "times": [
        0.9310440000000142,
        0.17729199999999423,
        0.3676280000000247,
        0.37293900000000235,
        0.1551499999999919
      ]
    },
    "goRace": {
      "name": "goRace",
      "iterations": 5,
      "average": 0.0765474000000097,
      "min": 0.021812000000011267,
      "max": 0.2739079999999774,
      "stdDev": 0.09878722046822058,
      "times": [
        0.2739079999999774,
        0.035138000000017655,
        0.023665000000022474,
        0.021812000000011267,
        0.028214000000019723
      ]
    },
    "cpuIntensive": {
      "eventLoop": {
        "name": "CPU-Intensive (Event-Loop)",
        "iterations": 5,
        "average": 15.045382599999993,
        "min": 14.257265999999987,
        "max": 16.704127999999997,
        "stdDev": 0.8625956711819533,
        "times": [
          14.257265999999987,
          16.704127999999997,
          14.508580999999992,
          14.83421899999999,
          14.922719
        ]
      },
      "workerThread": {
        "name": "CPU-Intensive (Worker-Threads)",
        "iterations": 5,
        "average": 0.4022951999999975,
        "min": 0.19114799999999832,
        "max": 1.0079920000000016,
        "stdDev": 0.3099214742701137,
        "times": [
          1.0079920000000016,
          0.24588399999998956,
          0.37262799999999174,
          0.19382400000000644,
          0.19114799999999832
        ]
      }
    },
    "mixedWorkload": {
      "eventLoop": {
        "name": "Mixed Workload (Event-Loop)",
        "iterations": 5,
        "average": 2.859821400000004,
        "min": 2.1800209999999822,
        "max": 4.614933000000008,
        "stdDev": 0.9463339077172757,
        "times": [
          4.614933000000008,
          3.1065980000000195,
          2.1857920000000206,
          2.1800209999999822,
          2.2117629999999906
        ]
      }
    },
    "memoryUsage": {
      "name": "Memory Usage Test",
      "iterations": 5,
      "average": 9.835304200000001,
      "min": 5.381089999999972,
      "max": 19.74476100000001,
      "stdDev": 5.363033108453634,
      "times": [
        19.74476100000001,
        6.337934000000018,
        11.267284000000018,
        5.381089999999972,
        6.445451999999989
      ],
      "memoryDiff": {
        "heapUsed": 16770976,
        "heapTotal": 20447232,
        "external": -22679
      }
    }
  }
}